Domain,Mode,GH1,PF2,PF4,RP2,RP3,RE2,RE3,BP2,MH3,VT2,MH4,SF2,CONS
PCS,Phone,0.07825237513,0.065064013,0.07483613491,0.07169783115,0.07415413857,-0.05759826303,-0.0322689414,0.1339749098,-0.0424118638,0.02996896207,-0.05336239934,0.004609677941,17.75544739
PCS,Mail,0.07825237513,0.065064013,0.07483613491,0.07169783115,0.07415413857,-0.05759826303,-0.0322689414,0.1339749098,-0.0424118638,0.02996896207,-0.05336239934,0.004609677941,21.04685974
MCS,Phone,-0.0009159268811,-0.03549864888,-0.03157714009,-0.02517348528,-0.02465222776,0.1266860962,0.08087235689,-0.02437137067,0.1094084978,0.06942713261,0.1493788958,0.1085734367,11.51387024
MCS,Mail,-0.0009159250185,-0.03549864888,-0.03157714009,-0.02517350018,-0.02465222776,0.1266860962,0.08087235689,-0.02437137067,0.1094084978,0.06942713261,0.1493788958,0.1085734367,12.66204834